user_id,session_duration,num_items_in_cart,cart_value,abandoned,time_of_day,day_of_week,intent_score,offer_created,offer_type,offer_response
user_103,8.83,2,474.42,0,evening,weekday,0.56,0,percentage,ignored
user_180,8.31,5,204.33,1,afternoon,weekend,0.95,0,fixed,accepted
user_93,4.76,5,71.19,0,afternoon,weekday,0.5,1,fixed,declined
user_15,4.12,5,267.47,0,morning,weekday,0.89,0,bogo,declined
user_107,22.99,3,63.65,1,morning,weekday,0.36,1,bogo,ignored
user_72,9.35,1,109.4,0,evening,weekend,0.38,0,fixed,accepted
user_189,2.8,5,499.18,1,evening,weekday,0.42,1,percentage,ignored
user_21,6.9,4,275.27,1,afternoon,weekend,0.55,1,fixed,declined
user_103,4.01,4,149.19,0,afternoon,weekend,0.55,0,bogo,declined
user_122,27.13,2,497.44,0,morning,weekend,0.5,1,percentage,declined
user_75,0.08,4,483.61,0,morning,weekday,0.31,1,percentage,declined
user_88,2.55,2,225.96,1,night,weekend,0.93,0,percentage,accepted
user_117,4.55,0,137.6,0,morning,weekday,0.59,1,fixed,accepted
user_100,6.69,3,420.82,1,afternoon,weekday,0.41,1,fixed,ignored
user_104,19.03,1,360.65,0,evening,weekend,0.65,1,bogo,ignored
user_152,0.92,4,346.6,0,night,weekend,0.77,1,percentage,ignored
user_131,16.39,1,447.63,0,morning,weekend,0.96,0,percentage,declined
user_150,0.57,2,347.81,0,morning,weekday,0.5,1,fixed,ignored
user_53,18.47,4,149.06,0,afternoon,weekday,0.11,1,bogo,accepted
user_2,0.53,1,349.99,0,night,weekend,0.44,0,bogo,ignored
user_88,0.18,6,159.85,0,morning,weekend,0.48,0,percentage,ignored
user_158,11.94,2,382.03,0,evening,weekday,0.9,1,fixed,accepted
user_38,58.98,3,313.68,0,afternoon,weekday,0.39,0,percentage,accepted
user_130,22.69,4,47.93,1,night,weekend,0.95,0,fixed,declined
user_192,8.58,4,261.29,0,morning,weekday,0.49,0,bogo,accepted
user_188,24.94,1,178.22,0,morning,weekday,0.97,0,percentage,accepted
user_21,0.05,3,171.0,1,night,weekday,0.01,0,percentage,ignored
user_161,36.92,1,305.11,0,afternoon,weekday,0.9,0,percentage,accepted
user_58,6.75,2,167.94,1,night,weekday,0.93,0,bogo,declined
user_22,12.83,6,390.68,0,night,weekday,0.96,0,percentage,ignored
user_89,17.2,4,44.69,0,afternoon,weekend,0.01,0,bogo,declined
user_49,12.67,4,333.59,1,morning,weekday,0.17,1,fixed,accepted
user_59,7.66,3,406.51,0,evening,weekend,0.65,1,bogo,declined
user_170,6.47,3,339.69,1,afternoon,weekend,0.03,1,fixed,declined
user_188,18.24,2,253.64,0,evening,weekday,0.06,1,bogo,accepted
user_15,2.3,0,475.65,1,morning,weekend,0.22,1,bogo,accepted
user_190,34.42,3,156.97,1,night,weekend,0.51,0,percentage,ignored
user_190,12.41,0,19.39,0,evening,weekend,0.55,0,bogo,ignored
user_175,2.23,7,221.67,1,morning,weekday,0.03,1,percentage,ignored
user_190,13.33,3,26.18,0,morning,weekend,0.17,1,fixed,accepted
user_51,7.55,1,477.43,1,night,weekday,0.5,0,fixed,declined
user_108,12.28,6,112.86,0,night,weekend,0.59,1,percentage,declined
user_55,14.6,2,396.57,1,morning,weekend,0.15,0,fixed,ignored
user_64,0.91,4,389.54,0,morning,weekend,0.4,1,bogo,ignored
user_131,7.05,2,116.69,0,evening,weekend,0.9,0,percentage,accepted
user_51,26.88,3,314.4,1,morning,weekday,1.0,1,percentage,declined
user_135,3.87,0,33.56,1,morning,weekend,0.99,0,percentage,ignored
user_21,9.01,2,246.95,0,evening,weekend,0.88,1,fixed,accepted
user_73,4.61,3,17.18,0,afternoon,weekday,0.39,1,fixed,ignored
user_167,6.06,4,461.36,0,evening,weekday,0.69,0,bogo,accepted
user_18,7.95,4,488.28,0,evening,weekday,0.42,0,bogo,declined
user_132,7.96,5,118.92,0,night,weekend,0.65,1,percentage,accepted
user_89,2.25,1,111.97,1,evening,weekday,0.31,1,bogo,ignored
user_60,11.54,3,379.32,0,morning,weekday,0.61,0,fixed,ignored
user_14,0.92,3,134.16,1,morning,weekday,0.52,0,bogo,declined
user_9,1.49,3,448.59,1,morning,weekday,0.02,0,fixed,declined
user_90,0.03,4,291.23,0,afternoon,weekday,0.79,1,bogo,ignored
user_53,1.24,1,181.88,0,morning,weekday,0.01,1,fixed,ignored
user_130,6.41,3,418.02,0,afternoon,weekend,0.29,0,fixed,ignored
user_84,9.32,5,251.77,0,morning,weekday,0.01,1,bogo,declined
user_92,15.81,6,456.7,1,evening,weekend,0.38,1,bogo,ignored
user_111,1.13,6,464.73,0,night,weekday,0.06,0,fixed,declined
user_188,19.02,7,91.06,1,morning,weekday,0.91,1,percentage,ignored
user_199,13.7,3,11.14,0,afternoon,weekday,0.42,0,bogo,accepted
user_172,5.25,2,492.13,0,afternoon,weekend,0.46,0,fixed,accepted
user_8,27.02,1,454.01,0,night,weekday,0.35,1,bogo,ignored
user_175,47.03,1,37.17,0,morning,weekday,0.63,1,bogo,accepted
user_35,2.29,5,418.19,0,evening,weekday,0.78,0,bogo,declined
user_81,4.77,2,234.32,0,morning,weekday,0.65,0,bogo,accepted
user_164,26.1,3,136.89,1,morning,weekend,0.75,0,bogo,accepted
user_50,12.79,2,440.59,1,night,weekend,0.91,1,percentage,declined
user_104,0.49,5,106.37,0,morning,weekend,0.86,0,percentage,accepted
user_132,15.21,1,474.18,0,evening,weekend,0.67,0,percentage,accepted
user_2,17.6,3,110.75,0,afternoon,weekend,0.21,0,fixed,ignored
user_134,13.88,4,310.7,0,night,weekday,0.64,0,percentage,declined
user_54,16.07,3,119.31,0,evening,weekday,0.51,1,percentage,declined
user_106,17.44,7,277.38,0,afternoon,weekday,0.72,1,fixed,ignored
user_4,2.06,6,345.15,0,night,weekend,0.83,0,percentage,ignored
user_54,2.69,3,103.21,0,night,weekday,0.74,1,bogo,accepted
user_191,10.04,5,265.23,0,afternoon,weekend,0.85,1,percentage,accepted
user_146,23.85,3,239.84,0,afternoon,weekday,0.06,1,percentage,accepted
user_44,3.8,1,44.81,1,evening,weekend,0.03,0,percentage,ignored
user_162,8.87,2,410.97,0,morning,weekday,0.26,1,bogo,declined
user_190,11.49,1,174.48,0,morning,weekday,0.9,1,bogo,accepted
user_14,6.01,1,291.55,0,morning,weekday,0.82,0,bogo,ignored
user_95,12.51,0,262.24,1,morning,weekday,0.68,0,bogo,declined
user_48,22.99,4,261.5,1,morning,weekend,0.7,1,fixed,ignored
user_15,9.78,3,62.54,1,evening,weekday,0.73,1,bogo,accepted
user_200,7.76,1,217.51,0,night,weekday,0.94,0,bogo,ignored
user_190,5.78,3,231.66,0,evening,weekday,0.83,0,bogo,ignored
user_40,8.62,2,369.48,1,evening,weekend,0.62,0,bogo,ignored
user_82,4.39,3,421.61,0,evening,weekday,0.67,0,fixed,ignored
user_111,4.97,6,277.04,0,night,weekday,0.21,1,percentage,declined
user_53,7.59,2,52.52,1,evening,weekday,0.66,0,percentage,accepted
user_24,0.69,4,126.06,0,evening,weekday,0.42,1,bogo,declined
user_154,2.6,2,90.82,0,night,weekday,0.15,1,bogo,ignored
user_188,7.83,4,71.06,0,evening,weekend,0.81,1,bogo,ignored
user_124,5.65,4,189.29,0,morning,weekend,0.51,0,percentage,accepted
user_41,4.05,3,122.4,0,afternoon,weekend,0.98,0,percentage,accepted
user_157,13.11,1,116.97,1,evening,weekday,0.28,1,bogo,declined
user_15,11.83,5,36.8,1,afternoon,weekend,0.48,1,percentage,declined
user_45,1.82,4,18.66,0,evening,weekday,0.45,1,fixed,accepted
user_65,21.09,4,60.36,1,evening,weekday,0.12,1,bogo,declined
user_89,6.84,2,94.38,0,morning,weekday,0.43,1,bogo,ignored
user_71,13.53,5,221.18,0,night,weekday,0.29,0,fixed,ignored
user_9,8.51,1,260.15,1,afternoon,weekend,0.16,0,fixed,accepted
user_88,60.72,3,78.89,1,night,weekend,0.28,0,percentage,declined
user_129,13.96,2,218.14,1,morning,weekend,0.23,1,fixed,ignored
user_136,12.28,2,177.46,1,morning,weekday,0.73,1,bogo,accepted
user_63,15.08,1,99.88,1,afternoon,weekend,0.03,0,percentage,declined
user_139,1.54,3,13.35,1,night,weekend,0.62,0,fixed,ignored
user_81,2.29,3,238.84,0,morning,weekday,0.76,1,percentage,declined
user_136,12.52,3,345.97,1,evening,weekend,0.48,0,percentage,declined
user_163,6.81,3,120.88,1,evening,weekday,0.93,0,percentage,declined
user_163,14.05,0,74.59,1,evening,weekend,0.71,0,percentage,accepted
user_33,1.09,6,444.65,0,night,weekend,0.75,1,fixed,ignored
user_123,7.69,2,144.76,0,evening,weekend,0.2,1,bogo,accepted
user_5,4.76,3,119.57,0,evening,weekday,0.78,0,bogo,ignored
user_41,6.11,4,429.98,0,morning,weekend,0.83,1,fixed,ignored
user_28,9.26,2,410.38,1,morning,weekend,0.36,0,bogo,accepted
user_135,6.98,4,229.69,0,evening,weekend,0.21,0,percentage,accepted
user_72,7.76,2,249.73,0,evening,weekend,0.39,1,percentage,ignored
user_12,6.66,5,116.7,1,morning,weekday,0.74,1,percentage,ignored
user_162,5.26,4,48.37,0,afternoon,weekday,0.42,1,fixed,ignored
user_33,14.78,2,290.98,0,night,weekend,0.74,0,percentage,declined
user_48,0.12,4,58.19,0,night,weekend,0.11,0,percentage,ignored
user_151,9.12,5,230.14,1,morning,weekend,0.81,0,fixed,accepted
user_62,8.34,2,470.84,0,night,weekday,0.25,1,percentage,accepted
user_37,12.59,0,476.89,1,morning,weekend,0.25,0,percentage,accepted
user_99,9.14,4,127.27,0,morning,weekend,0.59,0,bogo,ignored
user_172,17.53,1,315.82,0,morning,weekday,0.07,0,fixed,ignored
user_104,31.96,3,242.3,0,morning,weekday,0.03,0,percentage,declined
user_35,4.19,4,439.09,1,afternoon,weekday,0.26,1,percentage,declined
user_193,2.58,1,143.0,0,evening,weekend,0.54,1,percentage,accepted
user_101,5.51,3,11.81,0,evening,weekday,0.91,1,percentage,declined
user_175,3.4,2,89.65,0,afternoon,weekday,0.85,0,bogo,declined
user_131,9.54,2,181.27,1,night,weekend,0.49,0,bogo,accepted
user_1,24.29,3,164.7,0,night,weekday,0.04,0,bogo,ignored
user_5,1.5,1,397.77,1,evening,weekend,0.54,1,bogo,declined
user_142,1.06,5,343.47,1,night,weekend,0.7,1,fixed,ignored
user_103,2.96,7,156.78,0,evening,weekday,0.34,1,percentage,accepted
user_27,12.95,1,234.29,0,evening,weekend,0.11,1,bogo,accepted
user_137,8.99,1,56.82,0,afternoon,weekday,0.28,1,percentage,declined
user_15,1.08,0,450.09,0,night,weekday,0.77,0,fixed,accepted
user_90,25.1,3,468.36,0,afternoon,weekday,0.35,1,percentage,accepted
user_42,15.61,3,490.1,0,evening,weekend,0.81,1,percentage,accepted
user_124,0.23,6,435.59,0,evening,weekday,0.32,1,bogo,declined
user_179,10.54,3,95.24,0,evening,weekend,0.16,0,bogo,declined
user_63,14.75,4,32.64,0,morning,weekend,0.44,1,fixed,declined
user_96,4.69,3,294.0,0,morning,weekend,0.45,1,percentage,accepted
user_52,0.71,3,457.18,1,morning,weekday,0.02,1,bogo,ignored
user_96,0.8,3,96.9,1,afternoon,weekend,0.12,0,bogo,accepted
user_132,1.1,1,13.45,1,evening,weekend,0.18,0,bogo,declined
user_151,18.35,1,404.69,0,night,weekday,0.11,1,fixed,ignored
user_143,24.16,5,47.63,0,afternoon,weekday,0.34,1,percentage,ignored
user_171,1.31,3,212.72,0,afternoon,weekend,0.96,1,bogo,declined
user_29,2.69,3,342.65,0,afternoon,weekend,0.51,1,percentage,ignored
user_36,1.81,2,126.03,0,night,weekday,0.63,0,fixed,ignored
user_13,2.06,0,51.14,1,evening,weekend,0.36,1,percentage,declined
user_160,18.17,4,387.31,0,morning,weekend,0.32,0,bogo,ignored
user_71,4.04,4,318.79,0,evening,weekend,0.02,1,percentage,ignored
user_187,3.73,3,494.36,1,evening,weekend,0.5,0,percentage,declined
user_86,2.58,4,178.71,0,afternoon,weekday,0.48,0,fixed,ignored
user_28,9.36,2,40.26,0,afternoon,weekend,0.16,1,fixed,ignored
user_66,4.77,4,369.83,0,afternoon,weekday,0.76,0,percentage,ignored
user_170,13.64,2,265.65,0,morning,weekend,0.49,1,percentage,ignored
user_45,2.3,1,114.47,1,morning,weekday,0.34,0,percentage,declined
user_62,15.5,3,393.05,0,morning,weekend,0.15,0,fixed,accepted
user_185,9.26,5,109.84,0,evening,weekday,0.55,1,fixed,accepted
user_134,1.21,4,137.72,1,afternoon,weekend,0.75,1,percentage,ignored
user_28,5.35,2,55.34,1,night,weekday,0.28,0,fixed,declined
user_28,19.92,5,205.72,1,evening,weekend,0.22,0,bogo,declined
user_108,25.63,4,215.28,1,morning,weekend,0.52,1,fixed,ignored
user_44,6.27,6,262.14,0,night,weekday,0.16,1,fixed,accepted
user_84,6.56,1,357.39,0,night,weekday,0.67,1,fixed,ignored
user_30,25.07,1,453.99,0,afternoon,weekday,0.61,0,bogo,declined
user_190,8.84,8,77.49,0,night,weekday,0.09,1,bogo,declined
user_75,0.33,1,36.63,1,morning,weekday,0.04,1,bogo,accepted
user_128,24.39,5,19.08,1,afternoon,weekend,0.62,0,percentage,declined
user_92,2.85,3,80.37,0,night,weekday,0.29,1,percentage,declined
user_190,8.62,4,332.4,0,afternoon,weekday,0.09,1,bogo,declined
user_129,1.81,3,366.46,0,night,weekend,0.76,1,percentage,accepted
user_121,0.34,1,395.39,1,evening,weekday,0.31,1,percentage,declined
user_27,3.73,1,129.42,0,evening,weekday,0.46,0,percentage,ignored
user_190,15.16,3,159.89,1,morning,weekday,0.24,1,bogo,accepted
user_121,3.25,1,246.74,1,evening,weekend,0.63,1,fixed,ignored
user_116,2.49,4,40.96,1,evening,weekday,0.3,1,bogo,ignored
user_3,2.39,0,309.46,1,evening,weekend,0.97,1,bogo,accepted
user_103,7.24,3,492.03,1,night,weekend,0.7,1,percentage,ignored
user_198,37.11,5,186.8,0,night,weekday,0.14,1,percentage,accepted
user_200,6.14,2,378.9,0,afternoon,weekend,0.42,0,fixed,ignored
user_155,8.15,3,255.02,0,night,weekday,0.39,0,fixed,accepted
user_137,19.71,3,72.63,0,evening,weekday,0.53,0,fixed,declined
user_62,7.66,1,295.3,1,night,weekday,0.84,1,fixed,declined
user_165,2.04,3,156.94,0,morning,weekday,0.58,1,bogo,ignored
user_51,3.56,4,26.86,1,afternoon,weekday,0.06,1,fixed,declined
user_172,3.71,2,321.12,0,afternoon,weekend,0.66,0,bogo,accepted
user_152,5.06,0,430.88,0,night,weekend,0.01,1,percentage,ignored
user_59,5.57,5,178.94,1,evening,weekend,0.78,0,fixed,declined
user_118,16.08,4,201.24,0,afternoon,weekend,0.67,1,percentage,declined
user_160,4.3,3,446.6,0,morning,weekday,0.31,1,percentage,ignored
user_96,6.32,3,408.67,0,morning,weekday,0.29,0,bogo,declined
user_180,9.81,3,360.33,1,afternoon,weekend,0.8,0,fixed,declined
user_113,4.74,4,131.91,0,evening,weekday,0.78,0,bogo,ignored
user_62,18.11,3,456.01,0,evening,weekend,0.35,0,percentage,declined
user_186,8.85,4,85.66,0,night,weekend,0.3,0,fixed,declined
user_52,3.48,2,317.12,1,night,weekend,0.56,0,percentage,declined
user_12,12.52,2,24.11,1,afternoon,weekend,0.01,1,percentage,declined
user_39,7.5,2,325.42,0,night,weekday,0.08,0,fixed,ignored
user_130,7.65,3,145.8,0,night,weekday,0.13,1,fixed,accepted
user_131,6.56,4,230.34,1,night,weekend,0.19,1,fixed,accepted
user_113,6.87,5,179.18,0,morning,weekend,0.51,1,bogo,declined
user_101,14.5,6,94.65,0,night,weekend,0.99,1,bogo,declined
user_113,1.09,2,314.77,0,afternoon,weekend,0.65,1,percentage,accepted
user_184,4.07,2,442.17,1,evening,weekend,0.06,0,fixed,declined
user_81,0.79,2,479.95,0,night,weekday,0.53,0,percentage,accepted
user_187,13.99,5,104.25,0,evening,weekend,0.5,0,percentage,ignored
user_113,3.18,6,361.51,1,night,weekend,0.14,1,percentage,ignored
user_2,22.77,5,335.53,1,afternoon,weekday,0.92,0,percentage,ignored
user_130,7.48,0,178.26,0,morning,weekday,0.44,1,percentage,ignored
user_54,16.13,0,19.36,0,afternoon,weekday,0.99,1,fixed,ignored
user_87,38.6,2,348.0,1,morning,weekday,0.42,1,bogo,ignored
user_129,18.31,0,473.29,1,night,weekday,0.61,1,fixed,accepted
user_147,20.17,5,319.74,1,night,weekday,0.1,0,fixed,declined
user_126,5.24,4,223.29,0,morning,weekday,0.45,0,fixed,accepted
user_130,8.02,4,267.33,0,afternoon,weekday,0.24,0,bogo,ignored
user_53,2.93,0,107.82,1,afternoon,weekday,0.84,0,bogo,declined
user_172,2.18,3,377.77,1,morning,weekend,0.78,0,bogo,declined
user_160,7.04,3,375.75,0,night,weekday,0.82,1,fixed,ignored
user_198,9.04,4,81.3,0,morning,weekend,0.72,0,bogo,ignored
user_160,4.14,1,440.21,1,night,weekend,0.83,1,percentage,ignored
user_68,8.43,1,141.9,0,morning,weekend,0.2,1,bogo,ignored
user_183,21.84,4,491.31,0,night,weekend,0.45,1,fixed,ignored
user_184,8.14,3,197.62,0,morning,weekend,0.69,0,fixed,ignored
user_123,12.76,6,97.16,0,evening,weekend,0.64,1,percentage,declined
user_145,16.36,2,182.34,0,night,weekend,0.72,1,bogo,ignored
user_38,44.86,2,225.69,1,afternoon,weekend,0.22,0,bogo,ignored
user_24,9.24,3,43.96,0,morning,weekday,0.1,1,percentage,declined
user_69,16.44,5,293.33,0,afternoon,weekend,0.92,1,fixed,accepted
user_116,32.87,5,302.84,0,morning,weekend,0.56,1,fixed,ignored
user_98,28.9,3,372.08,0,afternoon,weekend,0.15,0,bogo,declined
user_198,1.52,4,24.29,0,afternoon,weekend,0.79,1,bogo,declined
user_139,5.22,6,275.21,0,morning,weekday,0.91,1,bogo,accepted
user_144,3.92,1,35.92,1,morning,weekend,0.17,0,bogo,ignored
user_97,0.91,4,353.56,0,afternoon,weekday,0.82,0,bogo,ignored
user_124,10.03,2,37.31,0,afternoon,weekday,0.93,1,fixed,ignored
user_187,13.31,1,456.75,0,afternoon,weekend,0.94,0,fixed,declined
user_70,18.85,6,354.02,0,night,weekend,0.91,0,fixed,ignored
user_93,1.31,4,258.62,1,night,weekday,0.55,0,fixed,ignored
user_3,20.91,2,226.34,0,evening,weekend,0.36,0,percentage,ignored
user_148,10.3,3,74.03,1,night,weekend,0.01,0,fixed,ignored
user_187,12.17,7,152.59,0,night,weekday,0.06,0,percentage,accepted
user_164,24.15,2,435.79,1,morning,weekday,0.43,0,fixed,accepted
user_147,9.8,2,453.18,0,evening,weekend,0.4,1,bogo,accepted
user_90,4.09,3,10.37,1,evening,weekend,0.18,0,bogo,ignored
user_195,17.44,0,301.13,0,night,weekend,0.4,0,bogo,ignored
user_147,4.51,4,362.46,0,morning,weekday,0.17,0,percentage,declined
user_148,0.35,6,313.19,1,morning,weekend,0.85,1,fixed,declined
user_96,17.76,4,50.02,1,evening,weekday,0.3,0,fixed,declined
user_199,4.23,1,116.69,0,morning,weekday,0.6,0,percentage,ignored
user_52,14.86,3,132.67,0,afternoon,weekend,0.5,1,percentage,accepted
user_161,4.51,1,417.55,0,night,weekday,0.05,0,percentage,accepted
user_168,19.74,2,236.97,1,afternoon,weekend,0.94,1,percentage,accepted
user_128,2.48,2,248.55,0,evening,weekend,0.53,1,percentage,ignored
user_39,36.71,2,468.1,0,evening,weekday,0.33,0,bogo,accepted
user_82,15.13,4,322.17,1,morning,weekend,0.16,1,fixed,declined
user_104,1.21,7,450.35,1,morning,weekday,0.34,0,percentage,declined
user_129,8.34,1,233.69,1,evening,weekday,0.02,0,bogo,accepted
user_11,42.24,5,83.22,1,evening,weekend,0.36,1,percentage,declined
user_185,6.37,4,465.67,1,afternoon,weekend,0.53,1,bogo,accepted
user_178,2.01,4,234.77,0,afternoon,weekend,0.87,0,percentage,accepted
user_151,6.63,5,99.0,0,morning,weekend,0.69,0,fixed,declined
user_159,7.18,4,158.17,1,afternoon,weekday,0.11,1,percentage,declined
user_42,13.54,5,34.89,0,morning,weekday,0.15,0,percentage,declined
user_99,12.0,5,239.47,1,morning,weekday,0.43,0,fixed,declined
user_7,5.15,3,428.03,0,night,weekend,0.2,0,fixed,accepted
user_144,2.46,6,467.45,0,morning,weekday,0.03,1,percentage,declined
user_90,10.36,6,466.98,1,afternoon,weekday,0.81,0,fixed,declined
user_112,5.48,4,71.36,1,evening,weekend,0.02,0,fixed,ignored
user_60,1.42,5,197.21,0,evening,weekend,0.83,0,bogo,declined
user_113,23.08,3,23.83,1,afternoon,weekend,0.14,1,fixed,declined
user_2,11.75,0,429.03,1,evening,weekday,0.97,1,fixed,accepted
user_129,11.49,0,185.79,0,morning,weekend,0.6,1,percentage,accepted
user_48,17.29,7,319.25,0,evening,weekday,0.73,0,percentage,ignored
user_140,7.54,3,360.3,1,afternoon,weekday,0.11,1,bogo,declined
user_197,16.88,8,220.62,1,evening,weekday,0.86,0,percentage,declined
user_37,6.89,2,160.16,0,morning,weekday,0.84,1,fixed,declined
user_160,0.7,4,481.48,1,morning,weekday,0.65,0,fixed,declined
user_9,5.2,3,482.6,1,afternoon,weekend,0.5,1,fixed,declined
user_99,6.88,5,151.82,0,afternoon,weekday,0.72,0,percentage,declined
user_147,12.74,2,245.02,1,afternoon,weekend,0.01,0,fixed,ignored
user_48,1.13,0,486.69,0,night,weekday,0.59,1,fixed,declined
user_131,1.51,1,12.39,0,night,weekday,0.85,0,bogo,declined
user_148,3.06,4,212.21,1,morning,weekend,0.36,1,bogo,declined
user_152,3.1,5,59.22,1,night,weekday,0.11,1,bogo,ignored
user_54,13.17,4,259.49,1,night,weekday,0.42,0,percentage,declined
user_120,2.89,3,22.09,0,evening,weekend,0.73,0,fixed,ignored
user_161,10.03,4,209.38,0,night,weekend,0.11,1,fixed,accepted
user_152,6.82,7,118.14,0,evening,weekday,0.21,1,fixed,declined
user_116,8.52,2,271.32,0,afternoon,weekday,0.15,1,bogo,ignored
user_75,18.21,1,498.04,0,evening,weekday,0.8,0,fixed,accepted
user_113,5.18,4,402.26,0,evening,weekend,0.06,1,fixed,ignored
user_200,14.74,2,424.36,0,afternoon,weekday,0.69,0,fixed,ignored
user_164,5.48,5,321.28,1,afternoon,weekend,0.37,0,fixed,accepted
user_166,4.37,0,30.36,0,morning,weekend,0.76,1,fixed,declined
user_104,31.85,4,111.33,0,morning,weekday,0.96,1,percentage,declined
user_84,2.04,1,463.28,0,morning,weekend,0.11,0,fixed,ignored
user_112,0.95,3,189.4,0,morning,weekday,0.31,0,percentage,accepted
user_99,14.74,0,60.78,0,evening,weekday,0.81,0,fixed,declined
user_153,0.71,2,354.18,0,evening,weekend,0.27,0,percentage,ignored
user_93,18.14,2,156.73,1,morning,weekend,0.22,1,fixed,accepted
user_146,5.75,6,141.74,0,night,weekend,0.83,0,fixed,ignored
user_128,24.71,1,499.01,1,morning,weekend,0.99,1,fixed,accepted
user_110,12.78,3,430.49,1,night,weekend,0.56,1,fixed,declined
user_82,9.43,3,209.89,1,afternoon,weekend,0.28,1,bogo,declined
user_194,29.82,2,490.33,0,evening,weekday,0.4,0,fixed,ignored
user_54,5.05,2,328.56,1,evening,weekday,0.17,0,percentage,declined
user_163,30.81,5,373.59,0,night,weekday,0.76,1,bogo,declined
user_189,1.45,5,25.44,0,morning,weekend,0.77,1,bogo,accepted
user_169,6.61,1,69.59,1,evening,weekend,0.88,1,fixed,declined
user_161,3.15,2,320.21,1,night,weekend,0.03,1,percentage,accepted
user_68,7.76,2,450.52,0,afternoon,weekday,0.56,0,percentage,accepted
user_33,1.77,0,315.63,0,afternoon,weekday,0.21,1,bogo,ignored
user_142,18.42,1,75.67,0,evening,weekend,0.34,0,percentage,accepted
user_21,18.73,2,66.72,0,morning,weekend,0.78,0,fixed,declined
user_48,31.06,3,423.65,0,night,weekend,0.19,0,fixed,accepted
user_148,1.68,3,78.26,1,evening,weekend,0.64,0,fixed,accepted
user_128,9.76,2,264.91,1,afternoon,weekday,0.65,1,fixed,ignored
user_136,6.43,3,28.19,1,morning,weekday,0.95,0,fixed,declined
user_135,4.22,2,49.53,0,night,weekday,0.78,1,bogo,declined
user_195,4.33,4,339.45,1,evening,weekend,0.8,0,fixed,declined
user_145,5.32,2,347.7,1,night,weekday,0.53,1,fixed,accepted
user_128,12.21,7,177.32,1,morning,weekend,0.19,1,bogo,declined
user_33,9.12,3,115.65,0,morning,weekend,0.43,1,bogo,declined
user_176,6.16,5,408.72,0,afternoon,weekend,0.55,1,bogo,accepted
user_187,0.79,1,116.38,0,morning,weekday,0.68,1,percentage,ignored
user_115,0.81,0,275.59,0,evening,weekday,0.61,0,percentage,ignored
user_119,0.02,2,484.42,1,night,weekend,0.39,1,fixed,accepted
user_22,34.33,5,82.45,1,morning,weekday,0.27,0,fixed,ignored
user_158,0.05,1,471.03,0,morning,weekend,0.17,1,fixed,ignored
user_38,1.09,1,99.62,0,evening,weekend,0.69,0,percentage,ignored
user_109,3.78,4,288.05,0,night,weekend,0.65,0,fixed,declined
user_51,16.47,3,194.73,0,night,weekday,0.69,0,fixed,ignored
user_182,32.73,4,482.82,0,afternoon,weekday,0.37,1,percentage,declined
user_8,15.61,2,144.04,1,afternoon,weekend,0.26,0,bogo,ignored
user_27,11.73,4,205.83,0,night,weekday,0.76,1,percentage,declined
user_27,7.37,2,491.6,1,evening,weekday,0.77,1,fixed,accepted
user_21,0.91,6,272.87,0,evening,weekday,0.46,0,percentage,accepted
user_30,31.74,3,256.29,0,afternoon,weekday,0.61,0,bogo,ignored
user_97,14.2,3,136.31,0,morning,weekend,0.37,1,bogo,declined
user_28,10.19,5,353.67,1,evening,weekday,0.7,1,bogo,accepted
user_111,14.23,4,17.04,0,morning,weekend,0.84,1,bogo,accepted
user_192,12.88,1,34.26,1,evening,weekend,0.69,1,bogo,accepted
user_197,10.14,4,303.69,0,night,weekday,0.51,1,bogo,accepted
user_61,39.41,3,177.42,1,afternoon,weekend,0.46,1,fixed,ignored
user_48,23.37,5,477.13,1,morning,weekend,0.64,0,fixed,declined
user_147,10.4,4,452.56,0,morning,weekday,0.68,1,percentage,accepted
user_4,11.81,4,359.72,1,night,weekend,0.56,1,fixed,ignored
user_35,0.53,6,410.89,0,evening,weekend,0.62,0,bogo,accepted
user_192,11.08,4,336.99,1,morning,weekday,0.1,0,fixed,accepted
user_49,0.45,1,71.54,0,evening,weekday,0.95,0,percentage,accepted
user_17,8.87,1,385.12,0,night,weekday,0.79,1,bogo,accepted
user_172,73.44,1,112.99,1,afternoon,weekday,0.37,0,fixed,ignored
user_158,8.11,2,168.49,1,morning,weekday,0.56,0,fixed,declined
user_46,6.41,3,411.42,0,evening,weekend,0.05,1,percentage,ignored
user_117,3.75,3,272.9,1,morning,weekend,0.04,1,bogo,ignored
user_6,1.28,3,431.37,0,evening,weekday,0.25,1,percentage,ignored
user_99,13.13,3,114.39,0,evening,weekday,0.69,1,bogo,accepted
user_124,2.14,4,307.81,1,evening,weekend,0.85,0,bogo,declined
user_37,1.22,3,51.06,0,night,weekday,0.56,1,fixed,accepted
user_24,5.48,6,325.1,0,afternoon,weekday,0.53,0,percentage,ignored
user_93,15.86,2,383.64,1,morning,weekend,0.4,1,percentage,accepted
user_46,13.67,3,296.62,0,afternoon,weekend,0.16,0,percentage,declined
user_181,0.56,3,140.45,1,evening,weekend,0.12,1,bogo,declined
user_95,6.07,2,25.36,0,evening,weekday,0.76,1,percentage,accepted
user_99,7.39,0,68.53,0,afternoon,weekend,0.93,1,bogo,ignored
user_188,10.34,2,314.93,0,afternoon,weekday,0.46,0,percentage,accepted
user_116,10.5,8,467.87,1,morning,weekend,0.66,0,percentage,ignored
user_191,4.54,4,111.2,1,evening,weekday,0.91,0,fixed,declined
user_160,8.23,3,370.16,0,afternoon,weekday,0.09,1,percentage,accepted
user_161,6.56,4,434.56,0,night,weekday,0.77,0,fixed,declined
user_67,21.63,3,265.23,1,evening,weekend,0.62,1,fixed,ignored
user_128,7.56,5,337.94,0,evening,weekend,0.6,1,bogo,ignored
user_18,5.82,2,409.36,1,morning,weekend,0.29,1,percentage,accepted
user_25,5.18,3,137.73,0,night,weekday,0.68,0,percentage,accepted
user_54,8.5,5,155.48,1,morning,weekend,0.79,1,percentage,accepted
user_58,16.3,3,10.31,0,night,weekend,0.11,0,fixed,declined
user_67,7.73,3,481.92,1,morning,weekday,0.53,1,percentage,ignored
user_104,10.84,2,459.6,1,night,weekday,0.1,1,bogo,ignored
user_174,13.39,2,384.64,0,night,weekend,0.87,1,bogo,declined
user_24,7.34,2,48.75,0,night,weekend,0.51,0,percentage,accepted
user_114,5.57,7,229.28,1,afternoon,weekend,0.81,0,fixed,accepted
user_32,20.93,3,59.93,1,evening,weekday,0.37,1,bogo,declined
user_175,5.4,1,17.8,0,night,weekend,0.13,0,bogo,ignored
user_86,6.2,7,311.93,0,afternoon,weekday,0.04,0,fixed,ignored
user_151,46.4,8,480.81,1,afternoon,weekday,0.28,1,bogo,ignored
user_194,0.0,6,452.41,0,morning,weekend,0.24,1,fixed,ignored
user_127,2.05,3,351.41,1,evening,weekend,0.56,0,bogo,declined
user_155,4.84,4,57.35,0,evening,weekday,0.02,1,fixed,ignored
user_130,26.97,1,144.34,1,morning,weekday,0.52,1,bogo,declined
user_17,0.73,2,166.83,1,evening,weekend,0.39,0,percentage,accepted
user_104,0.1,2,383.94,1,morning,weekend,0.58,0,bogo,declined
user_161,0.54,4,403.1,0,afternoon,weekend,0.7,1,bogo,ignored
user_137,0.93,5,198.7,1,afternoon,weekday,0.63,0,percentage,accepted
user_43,0.38,0,214.76,0,night,weekday,0.98,0,percentage,declined
user_176,6.54,1,31.81,0,morning,weekend,0.14,1,percentage,declined
user_39,8.69,4,151.68,0,afternoon,weekday,0.43,1,percentage,declined
user_170,3.17,0,231.13,0,afternoon,weekday,0.42,1,fixed,accepted
user_26,5.08,5,67.32,1,morning,weekend,0.42,1,fixed,declined
user_99,0.96,2,232.1,0,afternoon,weekday,0.66,0,bogo,ignored
user_50,4.1,0,428.06,1,evening,weekend,0.49,0,bogo,accepted
user_153,7.39,4,294.85,1,afternoon,weekend,0.52,1,bogo,accepted
user_152,13.18,2,48.68,1,morning,weekday,0.43,1,fixed,declined
user_13,0.03,3,103.92,0,evening,weekday,0.99,1,bogo,ignored
user_60,6.3,2,242.53,0,evening,weekend,0.93,1,bogo,accepted
user_135,3.52,4,187.13,1,afternoon,weekday,0.31,0,fixed,declined
user_57,19.16,4,185.78,0,night,weekend,0.11,0,bogo,ignored
user_36,12.57,2,269.34,0,evening,weekday,0.84,1,fixed,declined
user_173,8.89,7,296.35,0,morning,weekday,1.0,1,fixed,declined
user_20,3.25,4,400.46,0,night,weekday,0.29,0,percentage,accepted
user_65,24.12,4,177.07,1,night,weekend,0.36,0,percentage,accepted
user_8,0.46,5,404.68,0,evening,weekday,0.94,0,fixed,declined
user_144,1.16,7,175.92,0,afternoon,weekend,0.71,0,fixed,accepted
user_142,4.97,2,37.16,0,night,weekend,0.3,1,percentage,accepted
user_115,1.33,7,281.55,0,afternoon,weekend,0.58,0,bogo,ignored
user_143,31.33,4,298.07,0,evening,weekday,0.94,0,bogo,ignored
user_92,15.99,9,467.92,0,morning,weekend,0.81,0,bogo,declined
user_98,3.0,3,365.77,0,night,weekend,0.74,1,fixed,declined
user_66,8.88,4,459.71,1,morning,weekday,0.74,1,percentage,declined
user_32,40.36,1,455.09,0,afternoon,weekend,0.18,0,bogo,declined
user_191,21.56,0,306.24,0,afternoon,weekend,0.82,0,percentage,ignored
user_86,9.18,0,268.6,0,morning,weekday,0.28,1,percentage,accepted
user_51,23.41,3,283.15,0,evening,weekend,0.93,1,fixed,ignored
user_153,45.27,1,489.38,1,evening,weekday,0.36,0,bogo,declined
user_186,13.6,4,388.85,0,night,weekend,0.86,1,percentage,declined
user_63,0.67,3,62.07,0,night,weekend,0.27,0,fixed,ignored
user_190,5.13,4,391.43,0,evening,weekday,0.51,1,fixed,ignored
user_125,18.19,4,93.56,1,evening,weekend,0.11,0,fixed,declined
user_150,2.62,7,229.2,0,morning,weekend,0.66,0,bogo,accepted
user_58,17.76,3,113.13,1,afternoon,weekend,0.84,1,bogo,declined
user_58,1.28,2,347.9,0,afternoon,weekday,0.72,0,fixed,ignored
user_86,0.48,4,439.88,1,night,weekday,0.52,1,bogo,declined
user_49,4.85,0,152.28,1,evening,weekday,0.05,1,bogo,declined
user_180,0.37,3,50.19,0,morning,weekday,0.93,1,percentage,accepted
user_170,31.53,1,156.26,0,night,weekday,0.71,0,fixed,declined
user_70,17.5,2,339.46,0,morning,weekend,0.75,0,fixed,declined
user_15,16.13,8,171.09,0,evening,weekday,0.79,0,bogo,declined
user_54,9.94,2,146.27,0,evening,weekday,0.75,1,fixed,ignored
user_188,2.44,1,100.37,0,evening,weekday,0.44,0,fixed,ignored
user_101,7.3,3,253.78,0,afternoon,weekend,0.73,0,fixed,accepted
user_8,9.09,6,145.21,0,evening,weekend,0.63,0,bogo,declined
user_53,7.45,2,368.2,0,night,weekday,0.85,0,bogo,ignored
user_60,3.01,5,47.54,0,afternoon,weekend,0.8,1,bogo,accepted
user_108,7.24,1,335.38,0,morning,weekend,0.04,0,percentage,declined
user_5,6.76,4,126.4,1,night,weekend,0.38,1,fixed,accepted
user_103,56.09,3,249.75,0,night,weekend,0.03,1,percentage,accepted
user_196,22.77,1,150.18,1,morning,weekday,0.1,1,bogo,accepted
user_6,6.22,2,364.16,0,afternoon,weekday,0.6,1,percentage,accepted
user_109,9.75,3,473.2,0,night,weekend,0.87,0,fixed,accepted
user_116,13.78,0,459.37,0,night,weekend,0.12,0,fixed,accepted
user_94,0.35,1,295.88,0,night,weekend,0.45,0,bogo,accepted
user_47,22.53,2,236.68,1,afternoon,weekend,0.91,1,bogo,declined
user_99,19.67,3,410.97,1,afternoon,weekday,0.81,0,percentage,declined
user_55,6.11,4,344.83,0,afternoon,weekend,0.52,1,bogo,accepted
user_168,4.96,2,99.95,1,night,weekday,0.77,0,percentage,declined
user_52,3.19,4,412.25,0,evening,weekend,0.52,0,fixed,accepted
user_144,6.48,3,220.15,1,morning,weekday,0.16,0,fixed,declined
user_13,0.45,4,102.6,1,evening,weekend,0.12,1,fixed,ignored
user_114,19.12,3,148.08,0,afternoon,weekday,0.19,0,fixed,accepted
user_124,0.36,4,141.09,0,night,weekday,0.35,1,fixed,ignored
user_106,3.99,0,264.41,0,night,weekday,0.93,1,percentage,accepted
user_158,26.82,4,124.84,1,evening,weekend,0.8,1,fixed,accepted
user_147,13.29,5,70.55,0,evening,weekday,0.43,0,percentage,ignored
user_145,3.3,2,70.61,1,morning,weekend,0.49,0,fixed,ignored
user_120,2.91,7,295.81,1,night,weekday,0.27,1,percentage,ignored
user_63,0.05,6,370.03,0,evening,weekday,0.7,1,percentage,accepted
user_19,11.9,2,167.55,0,morning,weekend,0.8,1,percentage,ignored
user_92,0.5,6,26.98,1,afternoon,weekday,0.24,1,bogo,ignored
user_58,7.61,5,72.34,0,evening,weekend,0.04,1,percentage,declined
user_183,32.73,4,458.2,1,afternoon,weekend,0.62,0,percentage,declined
user_90,1.16,3,251.84,0,morning,weekend,0.56,0,fixed,ignored
user_117,22.49,3,232.25,0,afternoon,weekend,0.4,0,percentage,ignored
user_62,47.65,2,28.64,0,night,weekday,0.64,1,percentage,ignored
user_23,0.63,2,367.03,1,night,weekday,0.55,1,bogo,ignored
user_127,21.45,7,268.75,0,afternoon,weekend,0.25,0,fixed,declined
user_137,7.26,7,109.02,1,night,weekday,0.4,0,bogo,accepted
user_140,23.7,4,63.94,0,morning,weekday,0.43,1,bogo,ignored
user_129,8.47,3,197.86,1,night,weekend,0.88,1,bogo,ignored
user_58,10.85,3,420.21,0,afternoon,weekday,0.96,1,percentage,declined
user_122,7.85,6,433.99,0,afternoon,weekend,0.89,0,bogo,ignored
user_1,19.99,5,305.39,1,afternoon,weekday,0.72,1,bogo,ignored
user_34,13.24,2,366.49,0,evening,weekday,0.58,1,fixed,declined
user_96,7.37,3,66.43,0,afternoon,weekend,0.69,1,fixed,ignored
user_126,20.26,6,298.18,0,morning,weekday,0.94,0,fixed,ignored
user_118,2.81,1,336.81,1,night,weekday,0.25,1,fixed,declined
user_48,1.71,2,108.35,1,night,weekend,0.54,0,bogo,accepted
user_89,1.75,1,441.28,0,evening,weekday,0.69,1,fixed,ignored
user_117,4.06,3,105.55,0,evening,weekend,0.68,1,percentage,ignored
user_129,2.73,4,163.6,1,morning,weekday,0.25,0,bogo,accepted
user_16,26.61,5,314.07,0,afternoon,weekend,0.59,1,fixed,declined
user_189,1.12,3,322.79,1,evening,weekend,0.8,0,bogo,accepted
user_192,12.01,2,352.7,0,night,weekend,0.48,1,fixed,ignored
user_191,2.1,5,64.89,1,evening,weekend,0.79,0,bogo,accepted
user_69,21.34,1,426.24,1,evening,weekend,0.36,1,fixed,declined
user_22,32.52,3,271.1,1,afternoon,weekday,0.94,0,percentage,ignored
user_93,6.26,2,240.95,1,evening,weekday,0.53,0,fixed,declined
user_195,21.13,2,490.74,0,morning,weekend,0.6,1,bogo,declined
user_76,0.05,1,372.79,0,night,weekday,0.03,0,bogo,accepted
user_154,17.15,1,67.82,0,afternoon,weekend,0.17,1,percentage,accepted
user_144,2.6,6,380.7,1,night,weekday,0.63,0,bogo,declined
user_179,23.94,3,56.67,1,morning,weekday,0.42,1,percentage,declined
user_86,0.01,1,23.46,1,morning,weekend,0.51,1,bogo,ignored
user_185,8.12,6,207.78,0,evening,weekend,0.06,1,bogo,declined
user_29,14.13,3,496.85,0,evening,weekday,0.83,1,percentage,declined
user_69,2.99,4,95.69,0,evening,weekday,0.78,0,bogo,accepted
user_47,2.15,0,339.6,1,night,weekend,0.19,1,bogo,declined
user_94,0.88,1,94.96,0,morning,weekday,0.63,1,percentage,declined
user_190,3.95,3,365.15,0,afternoon,weekday,0.82,1,fixed,accepted
user_197,8.21,4,257.62,1,evening,weekend,0.64,1,percentage,ignored
user_144,1.23,2,343.19,0,night,weekday,0.31,1,bogo,accepted
user_176,4.73,1,109.41,0,evening,weekend,0.66,0,fixed,accepted
user_85,0.09,2,375.36,0,morning,weekend,0.21,1,fixed,declined
user_39,17.07,7,497.85,1,afternoon,weekend,0.32,0,fixed,declined
user_100,1.37,3,336.17,0,morning,weekday,0.24,0,percentage,ignored
user_33,3.33,1,251.81,1,night,weekday,0.56,1,fixed,declined
user_101,0.19,2,462.36,0,evening,weekend,0.11,1,fixed,ignored
user_23,5.66,1,17.77,1,morning,weekend,0.93,0,fixed,ignored
user_10,18.33,4,367.66,0,night,weekday,0.33,0,bogo,ignored
user_69,4.98,3,445.49,0,evening,weekday,0.22,0,percentage,ignored
user_100,1.98,3,40.22,1,afternoon,weekday,0.5,1,percentage,declined
user_34,14.01,3,230.53,1,morning,weekend,0.28,0,bogo,accepted
user_180,15.55,3,110.31,0,evening,weekend,0.53,0,fixed,accepted
user_138,1.91,4,287.59,1,evening,weekday,0.35,1,bogo,declined
user_147,14.73,0,328.28,0,evening,weekday,0.13,0,bogo,declined
user_186,29.43,2,158.29,1,evening,weekday,0.27,1,fixed,ignored
user_96,1.82,3,235.39,1,morning,weekend,0.44,0,fixed,declined
user_1,14.74,5,146.88,0,evening,weekend,0.03,1,percentage,accepted
user_69,12.33,3,191.0,1,night,weekday,0.77,0,fixed,declined
user_4,6.42,5,88.17,0,morning,weekday,0.62,1,bogo,declined
user_16,0.6,5,443.92,0,evening,weekend,0.6,1,bogo,ignored
user_24,0.78,3,14.91,1,morning,weekend,0.55,0,fixed,ignored
user_80,19.13,2,442.38,1,night,weekday,0.59,1,percentage,ignored
user_2,46.2,2,290.12,0,night,weekday,0.93,0,bogo,ignored
user_128,11.27,2,172.51,0,morning,weekday,0.01,1,fixed,accepted
user_160,5.91,3,364.3,0,evening,weekend,0.05,1,percentage,declined
user_84,10.43,1,258.8,1,evening,weekday,0.19,1,percentage,declined
user_152,9.02,3,254.56,0,night,weekend,0.17,1,bogo,ignored
user_140,4.84,1,63.97,0,evening,weekend,0.18,1,bogo,accepted
user_178,0.68,0,200.86,0,night,weekday,0.67,1,percentage,accepted
user_163,17.23,5,128.12,0,evening,weekday,0.46,1,percentage,declined
user_124,4.65,2,17.69,0,night,weekend,0.99,0,percentage,ignored
user_33,17.08,3,186.45,0,afternoon,weekday,0.23,0,fixed,declined
user_161,2.91,3,54.01,0,evening,weekend,0.31,1,bogo,declined
user_189,0.01,6,135.85,0,evening,weekday,0.98,1,percentage,accepted
user_179,1.73,4,55.33,1,evening,weekday,0.83,1,bogo,accepted
user_171,6.32,5,59.46,0,morning,weekday,0.47,0,bogo,declined
user_101,28.88,3,107.52,1,evening,weekday,0.55,1,bogo,ignored
user_12,1.08,2,499.93,1,morning,weekend,0.84,0,percentage,ignored
user_67,19.26,3,11.07,1,morning,weekend,0.48,1,fixed,declined
user_65,7.49,5,322.95,1,night,weekend,0.21,1,percentage,declined
user_161,17.48,1,79.21,0,morning,weekday,0.83,1,bogo,ignored
user_168,3.54,2,461.11,0,morning,weekend,0.54,1,percentage,ignored
user_74,18.32,4,55.88,0,afternoon,weekend,0.15,1,percentage,ignored
user_43,14.82,2,477.98,0,evening,weekend,0.51,0,bogo,declined
user_44,2.61,3,309.35,1,morning,weekday,0.41,1,bogo,accepted
user_29,1.41,5,10.62,1,evening,weekend,0.88,0,percentage,ignored
user_141,20.25,3,448.06,1,morning,weekday,0.13,0,percentage,ignored
user_12,33.03,1,265.64,0,night,weekday,0.88,1,percentage,ignored
user_95,0.32,3,138.71,1,afternoon,weekend,0.51,1,percentage,declined
user_46,13.14,1,385.97,0,morning,weekday,0.4,1,fixed,accepted
user_130,24.03,2,464.07,0,evening,weekend,0.16,0,percentage,accepted
user_35,19.47,2,247.01,0,night,weekend,0.7,0,fixed,ignored
user_81,33.39,1,164.62,1,evening,weekend,0.93,0,bogo,declined
user_90,14.28,1,396.58,0,night,weekend,0.38,1,fixed,accepted
user_8,5.84,2,344.07,1,afternoon,weekend,0.24,0,bogo,declined
user_93,3.74,7,445.49,1,night,weekday,0.55,0,fixed,accepted
user_154,3.87,3,349.33,1,evening,weekend,0.8,0,bogo,ignored
user_90,12.89,3,129.33,0,evening,weekday,0.0,1,percentage,declined
user_162,13.7,3,466.51,1,morning,weekend,0.63,0,fixed,ignored
user_115,2.24,4,61.37,1,night,weekend,0.6,0,fixed,accepted
user_105,20.26,1,141.29,0,evening,weekend,0.32,1,bogo,accepted
user_135,12.55,4,264.9,0,morning,weekday,0.45,1,bogo,ignored
user_196,8.27,2,287.21,0,afternoon,weekday,0.25,1,fixed,accepted
user_58,6.38,2,17.5,0,evening,weekday,0.79,0,bogo,ignored
user_114,7.84,0,392.48,0,morning,weekday,0.63,0,percentage,ignored
user_75,1.73,1,187.19,1,evening,weekend,0.53,0,fixed,ignored
user_157,2.28,2,209.15,0,night,weekend,0.39,1,percentage,accepted
user_120,0.96,2,406.59,0,morning,weekday,0.29,0,fixed,declined
user_164,1.67,5,195.85,1,night,weekday,0.82,1,percentage,ignored
user_21,6.05,4,33.14,0,afternoon,weekday,0.45,1,fixed,declined
user_164,7.56,2,96.46,1,night,weekend,0.5,0,bogo,accepted
user_138,0.18,2,478.39,0,morning,weekday,0.52,0,fixed,accepted
user_101,15.94,3,44.5,0,evening,weekday,0.45,0,percentage,declined
user_152,3.48,5,183.92,0,morning,weekend,0.26,1,fixed,ignored
user_192,24.29,1,256.56,0,night,weekday,0.12,1,percentage,accepted
user_177,34.27,2,251.71,0,night,weekend,0.1,0,percentage,ignored
user_99,2.05,3,11.94,1,evening,weekend,0.76,1,percentage,ignored
user_36,6.2,0,255.57,0,afternoon,weekend,0.22,0,bogo,declined
user_96,0.01,2,198.05,1,morning,weekend,0.06,0,fixed,accepted
user_152,9.12,5,486.32,0,evening,weekend,0.8,0,percentage,declined
user_151,9.35,2,87.99,0,evening,weekday,0.15,1,bogo,accepted
user_190,2.84,3,183.54,1,evening,weekday,0.63,1,percentage,declined
user_37,8.17,2,215.55,0,morning,weekend,0.34,0,fixed,accepted
user_12,2.56,0,201.44,1,morning,weekend,0.13,0,bogo,accepted
user_113,1.75,7,336.26,1,morning,weekday,0.41,1,percentage,accepted
user_183,10.54,5,115.6,1,afternoon,weekday,0.01,0,percentage,ignored
user_13,3.94,0,118.33,0,evening,weekend,0.84,1,percentage,ignored
user_23,8.92,3,367.31,0,night,weekday,0.51,0,fixed,declined
user_99,5.68,8,255.14,1,night,weekday,0.14,1,bogo,declined
user_105,41.57,4,213.43,1,evening,weekend,0.24,0,bogo,accepted
user_30,1.62,3,92.91,0,night,weekday,0.45,1,bogo,accepted
user_17,6.25,2,101.89,0,afternoon,weekday,0.19,0,percentage,ignored
user_113,11.41,4,15.17,0,afternoon,weekday,0.27,1,bogo,ignored
user_62,5.03,5,54.8,0,morning,weekday,0.53,1,percentage,ignored
user_84,36.77,3,282.85,0,morning,weekend,0.83,1,fixed,declined
user_112,12.8,0,447.02,0,morning,weekday,0.4,1,bogo,ignored
user_86,10.7,2,150.71,1,morning,weekend,0.72,0,percentage,declined
user_141,14.15,4,170.6,1,morning,weekday,0.88,1,bogo,ignored
user_187,30.5,5,66.65,1,night,weekend,0.22,1,bogo,ignored
user_19,23.84,2,200.43,0,night,weekend,0.81,0,fixed,accepted
user_177,12.88,3,28.24,0,morning,weekday,0.76,1,bogo,declined
user_100,13.83,1,459.62,1,afternoon,weekend,0.36,0,fixed,ignored
user_140,1.58,4,339.82,1,night,weekend,0.99,1,bogo,accepted
user_189,1.08,5,495.47,1,afternoon,weekend,0.26,1,bogo,declined
user_147,8.46,2,442.58,1,afternoon,weekend,0.25,1,bogo,declined
user_76,0.19,4,241.77,0,evening,weekend,0.77,1,bogo,ignored
user_9,6.58,5,264.65,1,evening,weekday,0.43,1,bogo,declined
user_199,2.36,2,103.38,0,morning,weekend,0.33,1,bogo,accepted
user_28,4.25,2,236.4,0,afternoon,weekend,0.18,0,fixed,accepted
user_128,14.95,6,452.48,1,night,weekday,0.77,0,fixed,declined
user_52,28.34,0,34.92,0,evening,weekday,0.79,1,percentage,accepted
user_83,0.75,3,433.14,0,evening,weekend,0.57,1,bogo,declined
user_111,7.64,3,177.06,0,afternoon,weekday,0.96,0,fixed,accepted
user_144,21.42,4,450.76,0,evening,weekday,0.32,0,bogo,declined
user_117,0.86,10,471.03,1,evening,weekday,0.22,1,bogo,declined
user_69,17.4,5,338.72,0,night,weekday,0.68,1,fixed,declined
user_99,4.43,4,335.57,0,afternoon,weekday,0.76,1,bogo,accepted
user_140,3.89,3,231.85,0,evening,weekday,0.22,1,fixed,declined
user_25,37.93,1,419.41,0,afternoon,weekend,0.08,1,fixed,declined
user_180,2.24,2,481.19,0,evening,weekend,0.81,1,percentage,ignored
user_123,11.82,4,389.79,1,night,weekday,0.98,0,percentage,ignored
user_53,17.23,4,314.75,0,afternoon,weekday,0.64,1,percentage,declined
user_151,0.42,2,307.33,1,evening,weekend,0.28,1,percentage,ignored
user_144,11.1,1,426.24,1,night,weekday,1.0,0,bogo,declined
user_57,30.27,2,275.19,1,evening,weekend,0.89,0,bogo,ignored
user_39,1.33,2,403.89,0,afternoon,weekday,0.51,0,percentage,accepted
user_109,22.65,1,259.35,0,evening,weekend,0.83,0,fixed,accepted
user_181,9.03,3,40.6,1,afternoon,weekend,0.82,1,fixed,declined
user_42,9.59,1,198.13,0,afternoon,weekday,0.93,0,fixed,declined
user_186,9.49,1,227.78,1,evening,weekday,0.84,0,fixed,accepted
user_167,3.55,4,79.39,1,night,weekday,0.64,1,bogo,accepted
user_142,27.36,4,60.22,1,morning,weekday,0.61,0,fixed,ignored
user_122,29.44,3,272.38,1,night,weekend,0.47,0,fixed,declined
user_133,9.82,2,51.72,0,night,weekday,0.63,1,percentage,accepted
user_163,15.3,4,158.44,0,evening,weekend,0.8,1,fixed,accepted
user_75,9.47,4,374.85,1,night,weekday,0.97,1,bogo,declined
user_146,6.62,5,482.57,0,night,weekend,0.47,1,fixed,ignored
user_76,10.81,4,361.76,0,morning,weekday,0.57,1,fixed,ignored
user_9,8.05,1,496.39,1,night,weekday,0.44,1,bogo,ignored
user_74,9.1,2,352.19,0,morning,weekend,0.67,1,percentage,ignored
user_186,15.32,1,153.96,1,evening,weekday,0.63,0,bogo,accepted
user_145,6.56,1,339.31,1,morning,weekday,0.02,0,percentage,declined
user_7,0.42,4,354.06,0,afternoon,weekday,0.54,1,fixed,declined
user_174,1.79,2,192.15,1,afternoon,weekday,0.09,0,percentage,accepted
user_141,5.77,2,18.68,1,morning,weekday,0.03,1,percentage,accepted
user_168,12.9,3,354.57,1,afternoon,weekend,0.79,0,percentage,accepted
user_170,9.0,0,20.63,0,evening,weekday,0.26,1,fixed,declined
user_137,10.51,2,319.28,0,afternoon,weekend,0.34,0,percentage,declined
user_178,6.53,1,90.17,1,morning,weekday,0.06,1,percentage,declined
user_27,9.56,1,287.15,0,evening,weekday,0.18,0,fixed,ignored
user_122,3.99,6,256.92,0,afternoon,weekend,0.77,1,bogo,accepted
user_194,6.35,1,16.62,1,evening,weekend,0.49,0,bogo,accepted
user_5,13.64,2,187.8,0,morning,weekend,0.88,0,bogo,accepted
user_29,20.54,5,304.53,0,afternoon,weekend,0.4,1,fixed,declined
user_165,5.69,2,425.82,0,evening,weekend,0.27,0,fixed,accepted
user_166,0.45,0,445.43,0,evening,weekday,0.35,0,bogo,accepted
user_83,1.76,4,247.09,1,afternoon,weekend,0.71,0,percentage,ignored
user_136,0.21,5,366.93,0,evening,weekend,0.56,0,bogo,declined
user_109,10.59,3,165.06,0,evening,weekday,0.9,0,fixed,accepted
user_65,4.04,6,177.67,1,morning,weekday,0.6,1,percentage,declined
user_86,7.82,1,105.29,1,morning,weekend,0.49,1,percentage,declined
user_145,6.8,1,285.35,1,morning,weekend,0.79,0,fixed,declined
user_71,0.85,2,164.14,0,morning,weekend,0.95,1,percentage,ignored
user_45,5.16,2,51.34,0,morning,weekday,0.36,0,bogo,declined
user_132,2.49,4,345.65,1,morning,weekend,0.25,1,fixed,declined
user_36,5.42,0,356.8,0,afternoon,weekday,0.62,0,fixed,declined
user_70,2.28,1,186.4,1,morning,weekday,0.5,0,fixed,accepted
user_159,18.35,4,47.59,0,evening,weekday,0.99,0,fixed,ignored
user_19,1.91,1,218.89,0,afternoon,weekday,0.46,0,percentage,accepted
user_189,32.39,3,226.74,1,evening,weekend,0.07,1,fixed,ignored
user_108,5.38,4,337.65,1,morning,weekday,0.98,1,fixed,ignored
user_182,18.72,6,164.55,1,morning,weekday,0.84,1,percentage,declined
user_167,9.91,2,344.47,0,evening,weekend,0.18,0,fixed,declined
user_91,13.29,2,437.03,0,evening,weekday,0.9,1,percentage,accepted
user_90,14.6,3,126.37,0,evening,weekend,0.34,1,percentage,ignored
user_19,7.03,4,489.67,0,night,weekday,0.38,0,fixed,declined
user_39,7.84,3,199.32,0,night,weekend,0.91,0,bogo,declined
user_126,7.22,3,140.96,0,night,weekday,0.53,0,fixed,declined
user_195,8.87,3,216.54,0,night,weekday,0.14,1,bogo,declined
user_173,0.3,2,56.25,1,afternoon,weekend,0.37,1,percentage,accepted
user_141,5.03,5,71.6,1,morning,weekday,0.72,0,bogo,accepted
user_126,9.32,2,213.07,1,evening,weekday,0.17,1,fixed,declined
user_58,9.11,1,383.6,0,morning,weekend,0.59,0,fixed,declined
user_148,15.75,3,451.15,1,evening,weekday,0.7,1,bogo,declined
user_200,10.64,4,335.76,0,morning,weekday,0.34,0,fixed,declined
user_61,48.45,2,61.56,0,afternoon,weekend,0.69,1,bogo,declined
user_127,3.34,2,339.29,1,night,weekend,0.88,1,percentage,ignored
user_105,4.45,2,321.36,0,morning,weekend,0.47,1,bogo,ignored
user_167,4.84,3,404.82,0,evening,weekend,0.38,0,bogo,ignored
user_1,6.27,1,414.37,0,morning,weekend,0.25,0,bogo,ignored
user_131,18.08,2,435.42,0,afternoon,weekday,0.6,0,bogo,declined
user_92,2.69,0,212.92,1,afternoon,weekend,0.88,1,percentage,ignored
user_190,14.96,2,351.95,1,morning,weekday,0.32,0,percentage,ignored
user_191,5.2,2,141.44,1,night,weekend,0.4,1,percentage,accepted
user_113,9.21,2,499.67,0,evening,weekday,0.41,0,bogo,ignored
user_153,10.01,4,95.91,1,afternoon,weekday,0.56,0,percentage,ignored
user_56,4.67,2,14.96,0,afternoon,weekend,0.23,1,fixed,declined
user_161,7.19,3,82.92,0,morning,weekday,0.82,1,percentage,ignored
user_166,5.33,2,390.18,1,afternoon,weekday,0.3,0,bogo,ignored
user_117,0.72,5,228.92,0,afternoon,weekend,0.71,0,fixed,declined
user_134,5.75,0,229.28,1,evening,weekend,0.51,1,bogo,ignored
user_58,1.02,4,477.96,0,night,weekend,0.59,1,fixed,declined
user_44,5.19,2,460.62,1,evening,weekend,0.18,0,bogo,ignored
user_173,8.99,6,162.49,1,night,weekday,0.74,1,bogo,accepted
user_160,8.66,2,112.44,0,evening,weekday,0.19,0,fixed,accepted
user_173,10.87,2,425.76,0,morning,weekday,0.11,0,percentage,ignored
user_61,1.0,1,453.95,1,afternoon,weekday,0.55,0,fixed,accepted
user_47,10.56,1,275.38,0,night,weekday,0.71,1,fixed,declined
user_149,3.74,2,318.42,0,morning,weekday,0.05,0,fixed,ignored
user_80,5.09,1,135.89,1,afternoon,weekend,0.07,0,fixed,declined
user_118,19.52,5,402.39,0,afternoon,weekday,0.8,1,fixed,accepted
user_164,0.09,3,319.74,1,afternoon,weekday,0.81,1,bogo,declined
user_147,8.88,2,256.72,0,evening,weekday,0.25,1,bogo,accepted
user_20,9.13,3,39.45,0,morning,weekend,0.62,0,percentage,accepted
user_185,5.05,2,458.81,1,morning,weekend,0.44,1,percentage,accepted
user_146,2.71,2,311.57,0,afternoon,weekend,0.63,1,fixed,declined
user_47,2.67,1,104.42,0,night,weekend,0.86,0,percentage,accepted
user_49,21.52,7,307.13,0,morning,weekday,0.08,0,percentage,ignored
user_14,5.83,2,341.96,0,evening,weekday,0.78,0,fixed,accepted
user_143,4.02,4,267.63,0,night,weekday,0.49,0,bogo,ignored
user_159,5.96,6,361.87,0,night,weekend,0.56,1,bogo,ignored
user_1,11.07,3,294.91,0,night,weekday,0.65,0,percentage,ignored
user_117,1.58,1,474.41,0,night,weekday,0.92,1,bogo,ignored
user_54,5.97,2,36.31,1,morning,weekday,0.06,0,bogo,declined
user_118,8.86,1,62.06,1,afternoon,weekend,0.03,0,percentage,ignored
user_3,29.68,0,95.1,0,night,weekend,0.18,1,fixed,accepted
user_144,2.91,1,348.18,1,evening,weekend,0.99,1,percentage,ignored
user_185,4.45,4,326.34,1,evening,weekday,0.72,1,percentage,accepted
user_12,4.77,4,447.11,0,afternoon,weekday,0.61,0,percentage,declined
user_74,9.3,6,369.11,1,morning,weekday,0.05,0,fixed,ignored
user_16,4.41,1,259.09,0,afternoon,weekday,0.88,1,fixed,accepted
user_200,7.63,5,496.0,1,night,weekend,0.81,1,fixed,declined
user_102,15.22,7,140.39,0,morning,weekday,0.66,0,fixed,declined
user_152,12.22,2,418.26,0,morning,weekend,0.34,1,percentage,accepted
user_156,5.91,2,219.13,1,night,weekday,0.07,1,bogo,ignored
user_117,19.97,1,327.88,0,evening,weekend,0.58,0,percentage,declined
user_8,8.17,3,366.36,0,night,weekday,0.72,1,fixed,accepted
user_122,7.76,4,320.54,0,afternoon,weekday,0.09,0,bogo,ignored
user_92,0.35,3,78.85,0,night,weekend,0.63,0,percentage,declined
user_164,43.19,2,227.05,1,evening,weekend,0.29,0,bogo,accepted
user_90,1.31,2,285.1,1,night,weekday,0.76,1,fixed,declined
user_136,2.63,2,426.03,0,afternoon,weekday,0.54,1,bogo,declined
user_186,0.53,4,227.39,0,afternoon,weekday,0.13,1,bogo,accepted
user_60,10.22,6,460.19,1,evening,weekend,0.53,1,fixed,declined
user_178,2.55,1,225.78,0,afternoon,weekday,0.4,0,bogo,accepted
user_28,1.98,5,278.9,1,afternoon,weekend,0.18,0,percentage,ignored
user_101,0.93,0,400.18,0,night,weekday,0.84,1,bogo,accepted
user_41,1.09,4,295.7,0,morning,weekday,0.01,1,percentage,ignored
user_192,8.79,4,480.51,0,afternoon,weekday,0.31,1,bogo,declined
user_155,11.65,5,333.56,0,afternoon,weekday,0.01,1,bogo,accepted
user_191,5.06,1,266.13,0,evening,weekend,0.1,0,fixed,accepted
user_145,6.54,5,21.56,0,evening,weekend,0.3,1,fixed,accepted
user_161,11.58,2,212.73,0,night,weekday,0.05,0,percentage,accepted
user_157,0.18,2,156.63,0,night,weekday,0.6,1,fixed,ignored
user_141,3.9,6,376.57,0,afternoon,weekday,0.09,1,fixed,ignored
user_46,36.16,1,112.06,0,morning,weekend,0.7,1,fixed,declined
user_35,8.68,3,110.56,0,morning,weekday,0.05,0,fixed,declined
user_134,2.93,5,102.86,0,night,weekend,0.06,1,fixed,declined
user_82,7.38,3,71.55,0,evening,weekend,0.31,0,percentage,declined
user_115,4.2,0,162.39,1,afternoon,weekend,0.9,0,percentage,accepted
user_197,7.6,4,444.1,1,afternoon,weekend,0.64,1,fixed,ignored
user_47,1.34,2,389.71,0,morning,weekday,0.77,0,fixed,ignored
user_153,1.42,1,370.27,0,night,weekday,0.14,0,percentage,ignored
user_194,1.55,6,400.7,0,morning,weekend,0.83,0,bogo,ignored
user_10,28.1,5,142.01,1,morning,weekday,0.01,1,percentage,declined
user_56,13.2,4,444.85,0,night,weekday,0.21,0,bogo,accepted
user_30,1.77,1,77.28,0,evening,weekday,0.62,0,fixed,ignored
user_109,2.09,2,174.81,1,afternoon,weekend,0.38,1,fixed,accepted
user_5,13.12,2,297.51,0,evening,weekday,0.98,1,percentage,accepted
user_119,1.7,2,60.42,0,night,weekday,0.03,0,fixed,accepted
user_33,2.67,2,367.76,0,night,weekday,1.0,0,bogo,accepted
user_118,33.06,0,199.75,1,afternoon,weekday,0.62,0,bogo,ignored
user_65,2.95,8,394.36,0,evening,weekday,0.56,0,percentage,ignored
user_146,10.84,4,251.52,1,afternoon,weekday,0.06,1,bogo,ignored
user_177,38.46,2,98.63,1,morning,weekday,0.27,1,percentage,declined
user_11,4.69,3,370.03,0,morning,weekday,0.92,0,percentage,ignored
user_85,0.18,4,133.55,0,morning,weekday,0.35,1,bogo,declined
user_26,2.8,3,250.5,0,evening,weekday,0.66,0,bogo,declined
user_63,17.77,5,47.01,1,morning,weekend,1.0,1,bogo,declined
user_86,20.0,6,312.75,1,afternoon,weekday,0.26,1,bogo,ignored
user_59,14.63,9,336.27,0,evening,weekend,0.58,0,bogo,ignored
user_27,1.2,4,195.55,1,afternoon,weekday,0.7,0,bogo,ignored
user_177,15.87,5,477.67,0,night,weekend,0.16,0,bogo,declined
user_161,25.09,3,438.34,0,evening,weekend,0.15,0,fixed,declined
user_98,9.18,2,356.89,1,afternoon,weekday,0.46,1,percentage,accepted
user_105,28.28,1,359.69,1,afternoon,weekend,0.39,1,percentage,declined
user_99,17.54,3,133.68,0,evening,weekend,0.71,0,bogo,declined
user_129,11.0,2,331.84,1,night,weekend,0.07,1,percentage,ignored
user_149,8.61,3,107.12,1,evening,weekday,0.97,1,bogo,accepted
user_55,4.29,3,80.56,1,morning,weekend,0.01,0,fixed,accepted
user_6,1.74,4,499.74,1,morning,weekend,0.6,0,percentage,accepted
user_197,9.29,1,314.96,1,night,weekday,0.56,1,percentage,ignored
user_95,3.83,4,221.18,0,afternoon,weekend,0.13,0,fixed,accepted
user_133,20.13,2,151.2,1,afternoon,weekend,0.15,0,fixed,accepted
user_102,50.11,3,305.92,0,afternoon,weekend,0.79,1,fixed,ignored
user_3,13.96,2,34.3,1,evening,weekday,0.89,1,percentage,accepted
user_181,0.95,2,56.39,0,evening,weekend,0.28,0,percentage,declined
user_23,3.41,4,26.1,1,night,weekday,0.44,1,fixed,declined
user_53,1.16,4,254.59,0,morning,weekend,0.35,0,fixed,declined
user_165,10.51,7,304.3,0,afternoon,weekend,0.07,0,fixed,declined
user_83,14.49,0,40.62,0,morning,weekend,0.67,1,fixed,declined
user_145,25.99,2,363.4,1,evening,weekend,0.83,1,fixed,declined
user_85,5.77,1,122.89,1,evening,weekday,0.3,0,bogo,declined
user_78,23.16,5,345.75,0,evening,weekend,0.99,0,fixed,declined
user_110,21.03,2,491.13,1,morning,weekday,0.08,0,bogo,declined
user_1,3.82,0,348.64,1,night,weekend,0.66,1,percentage,ignored
user_51,20.32,1,442.76,1,night,weekday,0.45,0,percentage,ignored
user_173,4.71,4,474.62,0,evening,weekend,0.45,1,bogo,declined
user_4,3.52,6,248.51,1,afternoon,weekend,0.46,0,fixed,ignored
user_190,10.47,1,354.14,0,morning,weekday,0.26,1,percentage,ignored
user_193,3.98,2,427.46,1,evening,weekday,0.72,0,fixed,declined
user_113,9.95,4,184.74,1,morning,weekday,0.72,1,fixed,declined
user_32,9.41,5,138.08,1,morning,weekday,0.28,0,bogo,ignored
user_34,8.29,2,473.83,1,night,weekend,0.84,0,percentage,declined
user_92,4.79,3,365.89,0,evening,weekday,0.32,0,percentage,declined
user_95,7.95,4,117.64,0,night,weekday,0.73,0,bogo,declined
user_72,9.08,4,230.05,0,evening,weekday,0.12,1,fixed,declined
user_39,7.89,2,400.26,0,morning,weekend,0.17,1,fixed,ignored
user_154,5.88,6,278.06,0,night,weekend,0.32,1,percentage,accepted
user_162,0.15,3,328.48,1,morning,weekend,0.59,1,bogo,ignored
user_182,8.84,1,379.35,1,evening,weekend,0.65,1,bogo,accepted
user_118,1.84,4,314.78,0,afternoon,weekday,0.4,0,fixed,accepted
user_3,10.29,1,274.64,0,night,weekend,0.08,1,fixed,accepted
user_123,14.24,4,377.31,0,night,weekday,0.37,1,bogo,ignored
user_50,6.94,2,366.51,0,morning,weekend,0.69,1,percentage,ignored
user_12,7.82,2,318.64,0,morning,weekday,0.67,1,fixed,ignored
user_193,30.26,2,186.3,1,afternoon,weekday,0.16,0,bogo,ignored
user_54,18.78,3,208.85,0,night,weekday,0.01,0,bogo,ignored
user_133,24.56,6,485.51,1,evening,weekday,0.75,0,bogo,accepted
user_57,16.81,2,65.07,0,evening,weekday,0.11,0,percentage,ignored
user_145,1.15,4,141.57,1,night,weekend,0.08,1,fixed,accepted
user_112,1.61,1,251.28,1,night,weekday,0.0,1,fixed,ignored
user_47,7.48,0,420.0,1,night,weekday,0.43,0,fixed,ignored
user_151,2.82,1,90.2,1,afternoon,weekday,0.5,0,percentage,declined
user_85,6.48,3,145.71,1,evening,weekday,0.64,1,fixed,accepted
user_142,5.01,3,42.24,1,evening,weekend,0.3,1,fixed,ignored
user_66,7.97,3,355.93,1,morning,weekend,0.71,0,fixed,ignored
user_75,13.74,4,126.72,0,morning,weekday,0.17,0,fixed,ignored
user_179,12.57,4,200.45,0,night,weekday,0.83,0,percentage,declined
user_103,7.37,3,227.41,0,morning,weekday,0.57,0,bogo,accepted
user_166,17.28,4,446.74,1,afternoon,weekday,0.58,1,bogo,ignored
user_192,5.64,3,211.55,0,evening,weekend,0.21,1,fixed,ignored
user_38,22.7,5,81.16,1,evening,weekend,0.07,1,fixed,ignored
user_50,0.74,4,266.91,1,morning,weekday,0.46,0,fixed,declined
user_98,30.94,1,481.85,0,night,weekday,0.62,1,percentage,ignored
user_82,10.63,1,307.77,0,morning,weekday,0.1,1,fixed,accepted
user_30,4.78,1,491.86,1,night,weekday,0.95,0,percentage,accepted
user_79,2.2,2,422.14,0,afternoon,weekday,0.98,0,fixed,accepted
user_91,6.52,2,27.62,1,evening,weekend,0.55,0,fixed,accepted
user_179,2.16,4,332.62,0,afternoon,weekend,0.95,0,bogo,ignored
user_191,1.82,2,150.52,1,evening,weekday,0.18,0,fixed,declined
user_52,9.61,3,284.21,0,afternoon,weekend,0.03,0,percentage,declined
user_166,7.4,4,146.88,1,morning,weekend,0.04,1,bogo,declined
user_79,11.09,4,180.95,0,afternoon,weekend,0.59,1,percentage,ignored
user_30,26.54,4,462.35,0,afternoon,weekday,0.06,1,bogo,declined
user_106,7.6,5,111.26,0,morning,weekend,0.96,1,percentage,accepted
user_51,8.7,3,438.31,0,evening,weekend,0.14,1,bogo,ignored
user_81,0.94,6,24.92,1,evening,weekday,0.3,1,percentage,declined
user_133,12.65,2,54.53,1,morning,weekend,0.82,0,percentage,accepted
user_29,5.11,4,428.79,0,afternoon,weekday,0.22,0,fixed,accepted
user_132,37.6,3,318.97,0,afternoon,weekend,0.24,0,bogo,ignored
user_138,17.33,2,376.15,0,afternoon,weekday,0.64,1,bogo,ignored
user_184,7.39,5,112.61,1,night,weekday,0.28,1,fixed,declined
user_145,1.32,2,273.17,1,evening,weekend,0.22,0,percentage,declined
user_74,19.62,1,371.24,0,afternoon,weekend,0.25,0,percentage,declined
user_17,16.08,2,317.38,1,evening,weekday,0.49,0,bogo,ignored
user_84,2.04,2,241.13,1,afternoon,weekday,0.97,0,percentage,declined
user_69,3.5,6,480.29,1,morning,weekend,0.83,0,bogo,declined
user_34,15.77,2,341.32,1,morning,weekend,0.28,1,bogo,accepted
user_6,2.05,3,454.8,1,evening,weekend,0.36,1,percentage,accepted
user_53,24.98,3,367.59,1,evening,weekend,0.46,1,percentage,accepted
user_194,5.53,4,370.38,0,morning,weekday,0.98,0,percentage,declined
user_126,0.91,2,49.21,1,night,weekday,0.17,1,fixed,ignored
user_43,16.91,2,186.14,0,morning,weekday,0.36,0,bogo,accepted
user_115,4.68,3,430.6,0,afternoon,weekend,0.73,1,percentage,ignored
user_111,7.48,4,123.98,0,night,weekend,0.96,0,fixed,declined
user_151,1.19,5,66.6,1,morning,weekday,0.16,0,percentage,declined
user_183,0.03,6,169.79,0,night,weekday,0.23,1,bogo,accepted
user_80,10.16,0,118.01,0,night,weekday,0.23,1,fixed,ignored
user_95,7.24,3,463.39,0,night,weekday,0.02,1,bogo,accepted
user_118,9.0,2,435.3,0,evening,weekday,0.6,1,percentage,declined
user_144,15.79,5,254.84,0,morning,weekday,0.67,1,percentage,ignored
user_8,10.4,4,40.06,1,evening,weekend,0.6,0,percentage,accepted
user_132,1.92,1,360.14,1,evening,weekday,0.07,1,fixed,declined
user_104,4.47,1,315.47,0,afternoon,weekday,0.07,1,fixed,accepted
user_132,23.63,2,485.57,1,afternoon,weekday,0.21,0,fixed,ignored
user_184,14.69,2,283.89,1,night,weekday,0.29,1,fixed,ignored
user_25,8.13,2,174.83,0,night,weekday,0.79,0,percentage,ignored
user_195,2.95,3,264.32,1,afternoon,weekday,0.16,1,percentage,ignored
user_96,3.6,0,489.84,1,afternoon,weekday,0.04,1,percentage,ignored
user_195,13.17,0,351.22,0,morning,weekend,0.39,0,fixed,accepted
user_155,19.05,3,339.27,0,night,weekday,0.42,1,fixed,accepted
user_93,11.13,2,127.93,1,night,weekend,0.45,1,percentage,accepted
user_160,16.58,5,374.37,1,afternoon,weekend,0.83,1,percentage,accepted
user_178,14.55,4,377.63,0,morning,weekend,0.1,1,fixed,declined
user_61,1.62,1,165.47,0,afternoon,weekday,0.7,0,bogo,declined
user_122,5.52,4,247.02,0,afternoon,weekday,0.34,0,percentage,accepted
user_51,1.66,6,154.36,1,evening,weekday,0.31,1,percentage,declined
user_147,2.68,2,136.77,0,night,weekday,0.93,1,percentage,declined
user_21,20.35,1,22.69,0,morning,weekday,0.25,0,fixed,ignored
user_5,6.4,4,149.75,1,evening,weekday,0.64,0,percentage,accepted
user_92,7.66,6,281.45,0,night,weekday,0.28,1,percentage,declined
user_170,1.97,2,10.78,0,afternoon,weekday,0.51,0,percentage,declined
user_61,3.74,5,148.78,0,morning,weekday,0.79,0,percentage,accepted
user_22,2.62,2,441.89,1,night,weekday,0.88,0,percentage,ignored
user_149,2.31,1,300.89,0,afternoon,weekend,0.84,0,bogo,accepted
user_70,10.16,1,307.85,1,evening,weekday,0.58,1,bogo,ignored
user_1,2.97,1,207.65,0,morning,weekday,0.25,0,percentage,declined
user_133,10.0,1,341.47,0,night,weekday,0.66,1,percentage,ignored
user_12,0.6,2,103.07,0,evening,weekend,0.71,1,percentage,ignored
user_90,1.53,2,411.19,0,afternoon,weekday,0.01,0,percentage,accepted
user_46,3.21,1,67.18,1,afternoon,weekday,0.44,1,fixed,declined
user_34,9.09,1,331.44,0,night,weekend,0.84,1,fixed,accepted
user_177,11.27,3,177.16,1,afternoon,weekday,0.49,0,fixed,accepted
user_78,5.85,3,376.28,0,morning,weekend,0.31,0,bogo,declined
user_45,5.9,1,279.38,1,night,weekend,0.87,0,percentage,accepted
user_155,12.89,3,231.65,1,evening,weekend,0.16,1,fixed,accepted
user_73,0.16,4,93.02,1,night,weekend,0.21,1,percentage,ignored
user_26,4.17,3,322.04,0,night,weekday,0.69,1,percentage,accepted
user_47,17.08,3,487.64,0,evening,weekend,0.35,1,bogo,declined
user_121,9.24,5,414.55,0,afternoon,weekend,0.71,0,bogo,accepted
user_56,4.11,2,39.4,1,evening,weekday,0.16,1,fixed,ignored
user_94,23.59,1,194.35,0,morning,weekday,0.25,0,fixed,accepted
user_107,14.81,1,463.54,1,afternoon,weekday,0.16,0,bogo,accepted
user_63,3.08,3,256.49,1,night,weekend,0.95,0,bogo,accepted
user_48,10.36,2,334.43,0,afternoon,weekday,0.41,0,percentage,ignored
user_61,9.06,6,457.17,1,afternoon,weekend,0.34,1,percentage,declined
user_81,5.13,0,438.16,1,morning,weekend,0.01,0,fixed,declined
user_26,4.57,3,255.89,1,afternoon,weekday,0.15,1,fixed,ignored
user_36,4.21,4,224.45,0,afternoon,weekday,0.42,0,bogo,ignored
user_1,9.6,5,176.45,0,afternoon,weekday,0.07,0,fixed,accepted
user_8,5.84,1,362.32,0,night,weekday,0.51,0,percentage,declined
user_113,17.83,2,150.62,1,afternoon,weekday,0.46,1,bogo,ignored
user_99,11.07,2,132.44,1,evening,weekday,0.77,0,percentage,declined
user_180,0.72,2,184.56,0,afternoon,weekend,0.66,0,bogo,accepted
user_47,10.22,4,96.84,1,morning,weekend,0.45,0,bogo,ignored
user_127,3.16,3,350.61,0,afternoon,weekday,0.22,0,percentage,declined
user_56,8.98,2,311.96,1,afternoon,weekend,0.73,1,fixed,declined
user_14,11.4,1,246.61,1,night,weekend,0.71,1,fixed,accepted
user_28,2.62,2,201.26,1,evening,weekend,0.15,0,fixed,ignored
user_78,6.1,4,455.44,1,afternoon,weekend,0.91,0,fixed,declined
user_130,2.11,3,24.27,0,evening,weekend,0.06,1,percentage,accepted
user_109,0.54,4,386.86,0,morning,weekend,0.06,1,bogo,declined
user_154,4.76,2,451.94,1,night,weekday,0.19,1,percentage,accepted
user_14,4.51,3,228.71,0,evening,weekday,0.91,0,fixed,declined
user_187,53.99,0,279.84,0,night,weekday,0.52,1,fixed,declined
user_56,5.91,3,472.79,1,afternoon,weekend,0.79,0,percentage,accepted
user_115,4.06,3,114.02,0,morning,weekday,0.23,1,bogo,ignored
user_7,8.69,3,264.87,1,night,weekday,0.49,1,percentage,accepted
user_3,0.93,1,242.61,1,afternoon,weekday,0.36,0,percentage,ignored
user_111,32.61,3,136.61,1,evening,weekend,0.83,1,percentage,declined
user_151,10.08,1,411.11,1,morning,weekday,0.02,0,bogo,declined
user_107,14.06,4,450.8,1,morning,weekend,0.24,1,percentage,accepted
user_18,1.87,0,393.15,1,evening,weekday,0.15,0,percentage,accepted
user_38,5.27,4,105.73,1,evening,weekday,0.86,1,fixed,ignored
user_115,5.49,3,52.51,0,morning,weekday,0.47,1,percentage,ignored
user_15,17.25,2,306.67,1,night,weekend,0.4,0,fixed,ignored
user_192,0.01,2,37.98,1,morning,weekend,0.45,0,fixed,accepted
user_119,3.58,4,339.68,0,evening,weekend,0.97,0,fixed,declined
user_28,39.76,3,269.91,0,night,weekend,0.85,0,bogo,accepted
user_39,6.44,3,334.77,1,afternoon,weekend,0.71,1,fixed,declined
user_185,4.82,3,299.18,0,morning,weekday,0.29,1,percentage,accepted
user_17,1.28,7,217.12,1,evening,weekday,0.17,1,percentage,accepted
user_86,36.56,6,108.43,1,afternoon,weekend,0.92,1,fixed,ignored
user_126,0.2,2,159.79,0,morning,weekend,0.42,1,fixed,declined
user_44,13.36,0,267.01,1,morning,weekday,0.28,1,percentage,accepted
user_25,14.64,3,329.42,0,night,weekend,0.47,0,fixed,accepted
user_145,2.79,4,391.95,1,evening,weekday,0.92,1,bogo,declined
user_13,11.13,1,385.91,0,afternoon,weekend,0.39,1,fixed,accepted
user_25,0.98,1,486.62,1,morning,weekday,0.56,0,bogo,declined
user_68,2.97,6,150.06,0,night,weekend,0.8,1,bogo,ignored
user_138,15.51,8,44.84,0,afternoon,weekend,0.43,1,bogo,ignored
user_67,20.0,1,179.37,0,afternoon,weekday,0.23,1,fixed,declined
user_109,9.38,2,374.21,0,morning,weekday,0.99,0,bogo,ignored
user_146,7.07,4,224.67,0,afternoon,weekend,0.96,0,bogo,declined
user_111,1.74,4,410.72,0,morning,weekend,0.84,1,fixed,accepted
user_111,0.65,4,279.17,0,night,weekday,0.69,0,bogo,accepted
user_34,1.25,2,465.6,1,night,weekend,0.29,1,fixed,declined
user_111,2.58,5,474.45,1,afternoon,weekday,0.91,1,percentage,accepted
user_8,4.18,5,43.96,1,morning,weekday,0.28,1,bogo,ignored
